[
	{
		"constant": false,
		"inputs": [
			{
				"name": "token",
				"type": "address"
			},
			{
				"name": "recipients",
				"type": "address[]"
			},
			{
				"name": "values",
				"type": "uint256[]"
			}
		],
		"name": "disperseTokenSimple",
		"outputs": [],
		"payable": true,
		"stateMutability": "payable",
		"type": "function"
	},
	{
		"constant": true,
		"inputs": [],
		"name": "viewFee",
		"outputs": [
			{
				"name": "",
				"type": "uint256"
			}
		],
		"payable": false,
		"stateMutability": "view",
		"type": "function"
	},
	{
		"constant": false,
		"inputs": [
			{
				"name": "_newFee",
				"type": "uint256"
			}
		],
		"name": "updateFee",
		"outputs": [],
		"payable": false,
		"stateMutability": "nonpayable",
		"type": "function"
	},
	{
		"constant": true,
		"inputs": [],
		"name": "feeReceiver",
		"outputs": [
			{
				"name": "",
				"type": "address"
			}
		],
		"payable": false,
		"stateMutability": "view",
		"type": "function"
	},
	{
		"constant": false,
		"inputs": [
			{
				"name": "_newReceiver",
				"type": "address"
			}
		],
		"name": "updateFeeReceiver",
		"outputs": [],
		"payable": false,
		"stateMutability": "nonpayable",
		"type": "function"
	},
	{
		"constant": false,
		"inputs": [
			{
				"name": "token",
				"type": "address"
			},
			{
				"name": "recipients",
				"type": "address[]"
			},
			{
				"name": "values",
				"type": "uint256[]"
			}
		],
		"name": "disperseToken",
		"outputs": [],
		"payable": true,
		"stateMutability": "payable",
		"type": "function"
	},
	{
		"constant": true,
		"inputs": [],
		"name": "fee",
		"outputs": [
			{
				"name": "",
				"type": "uint256"
			}
		],
		"payable": false,
		"stateMutability": "view",
		"type": "function"
	},
	{
		"constant": false,
		"inputs": [
			{
				"name": "recipients",
				"type": "address[]"
			},
			{
				"name": "values",
				"type": "uint256[]"
			}
		],
		"name": "disperseEther",
		"outputs": [],
		"payable": true,
		"stateMutability": "payable",
		"type": "function"
	},
	{
		"inputs": [
			{
				"name": "_fee",
				"type": "uint256"
			},
			{
				"name": "_feeReceiver",
				"type": "address"
			}
		],
		"payable": false,
		"stateMutability": "nonpayable",
		"type": "constructor"
	},
	{
		"anonymous": false,
		"inputs": [
			{
				"indexed": false,
				"name": "newFee",
				"type": "uint256"
			}
		],
		"name": "FeeUpdated",
		"type": "event"
	},
	{
		"anonymous": false,
		"inputs": [
			{
				"indexed": false,
				"name": "newReceiver",
				"type": "address"
			}
		],
		"name": "FeeReceiverUpdated",
		"type": "event"
	}
]